{
  "project_info": {
    "project_number": "484308505326",
    "firebase_url": "https://assignment-wireless-default-rtdb.firebaseio.com",
    "project_id": "assignment-wireless",
    "storage_bucket": "assignment-wireless.appspot.com"
  },
  "client": [
    {
      "client_info": {
        "mobilesdk_app_id": "1:484308505326:android:69c6a97e3e35db1e4059ff",
        "android_client_info": {
          "package_name": "com.example.androidstudiolab"
        }
      },
      "oauth_client": [
        {
          "client_id": "484308505326-8k81pbd7i7eka9kbb566deb5mihjbpn6.apps.googleusercontent.com",
          "client_type": 3
        }
      ],
      "api_key": [
        {
          "current_key": "AIzaSyCkVct0FCqf4b-b_i5iGRVVkjiUuXYefTk"
        }
      ],
      "services": {
        "appinvite_service": {
          "other_platform_oauth_client": [
            {
              "client_id": "484308505326-8k81pbd7i7eka9kbb566deb5mihjbpn6.apps.googleusercontent.com",
              "client_type": 3
            }
          ]
        }
      }
    },
    {
      "client_info": {
        "mobilesdk_app_id": "1:484308505326:android:168511468dcd03ea4059ff",
        "android_client_info": {
          "package_name": "com.example.assignment"
        }
      },
      "oauth_client": [
        {
          "client_id": "484308505326-8k81pbd7i7eka9kbb566deb5mihjbpn6.apps.googleusercontent.com",
          "client_type": 3
        }
      ],
      "api_key": [
        {
          "current_key": "AIzaSyCkVct0FCqf4b-b_i5iGRVVkjiUuXYefTk"
        }
      ],
      "services": {
        "appinvite_service": {
          "other_platform_oauth_client": [
            {
              "client_id": "484308505326-8k81pbd7i7eka9kbb566deb5mihjbpn6.apps.googleusercontent.com",
              "client_type": 3
            }
          ]
        }
      }
    }
  ],
  "configuration_version": "1"
}